<?xml version="1.0" encoding="UTF-8"?>
<ModMetaData>
  <name>Directly Abandon Settlement</name>
  <author>Jellypowered</author>
  <description>Directly abandon the base and empty the area instead of creating “abandoned settlement”
	</description>
  <packageId>jelly.DirectAbandonSettlement</packageId>
  <supportedVersions>
    <li>1.1</li>
    <li>1.2</li>
    <li>1.3</li>
    <li>1.4</li>
    <li>1.5</li>
    <li>1.6</li>
  </supportedVersions>
  <modDependencies>
    <li>
      <packageId>brrainz.harmony</packageId>
      <displayName>Harmony</displayName>
      <steamWorkshopUrl>steam://url/CommunityFilePage/2009463077</steamWorkshopUrl>
      <downloadUrl>https://github.com/pardeike/HarmonyRimWorld/releases/latest</downloadUrl>
    </li>
  </modDependencies>
  <loadAfter>
    <li>brrainz.harmony</li>
  </loadAfter>
</ModMetaData>
